{"cameraMode":{"drawMode":0,"name":"Shaded","section":"Shading Mode"},"sceneLighting":true,"audioPlay":false,"sceneViewState":{"m_AlwaysRefresh":false,"showFog":true,"showSkybox":true,"showFlares":true,"showImageEffects":true,"showParticleSystems":true,"showVisualEffectGraphs":true,"m_FxEnabled":true},"in2DMode":false,"pivot":{"x":-1.2688223123550416,"y":0.44062113761901858,"z":-0.12383747100830078},"rotation":{"x":0.16603636741638184,"y":-0.0029634214006364347,"z":0.0004988976870663464,"w":0.9861148595809937},"size":7.043262004852295,"orthographic":false}