{"cameraMode":{"drawMode":0,"name":"Shaded","section":"Shading Mode"},"sceneLighting":true,"audioPlay":false,"sceneViewState":{"m_AlwaysRefresh":false,"showFog":true,"showSkybox":true,"showFlares":true,"showImageEffects":true,"showParticleSystems":true,"showVisualEffectGraphs":true,"m_FxEnabled":true},"in2DMode":false,"pivot":{"x":370.5274658203125,"y":159.44273376464845,"z":-0.6853713989257813},"rotation":{"x":0.010809297673404217,"y":-0.0015048913192003966,"z":0.000013990535080665722,"w":0.999934196472168},"size":39.518795013427737,"orthographic":false}