{"cameraMode":{"drawMode":0,"name":"Shaded","section":"Shading Mode"},"sceneLighting":true,"audioPlay":false,"sceneViewState":{"m_AlwaysRefresh":false,"showFog":true,"showSkybox":true,"showFlares":true,"showImageEffects":true,"showParticleSystems":true,"showVisualEffectGraphs":true,"m_FxEnabled":true},"in2DMode":false,"pivot":{"x":1.0941895246505738,"y":-1.736584186553955,"z":-1.4252572059631348},"rotation":{"x":0.17637218534946443,"y":-0.010340241715312004,"z":0.0018528169021010399,"w":0.9842668175697327},"size":3.956763744354248,"orthographic":false}