{"cameraMode":{"drawMode":0,"name":"Shaded","section":"Shading Mode"},"sceneLighting":true,"audioPlay":false,"sceneViewState":{"m_AlwaysRefresh":false,"showFog":true,"showSkybox":true,"showFlares":true,"showImageEffects":true,"showParticleSystems":true,"showVisualEffectGraphs":true,"m_FxEnabled":true},"in2DMode":false,"pivot":{"x":1.9894706010818482,"y":1.1346416473388672,"z":0.17755413055419923},"rotation":{"x":0.1660303771495819,"y":-0.00888002198189497,"z":0.001495101023465395,"w":0.9860792756080627},"size":7.922019958496094,"orthographic":false}