{"cameraMode":{"drawMode":0,"name":"Shaded","section":"Shading Mode"},"sceneLighting":true,"audioPlay":false,"sceneViewState":{"m_AlwaysRefresh":false,"showFog":true,"showSkybox":true,"showFlares":true,"showImageEffects":true,"showParticleSystems":true,"showVisualEffectGraphs":true,"m_FxEnabled":true},"in2DMode":false,"pivot":{"x":1.6346262693405152,"y":2.7101151943206789,"z":-10.058862686157227},"rotation":{"x":0.10141494870185852,"y":-0.11760884523391724,"z":0.01207165140658617,"w":0.9877878427505493},"size":4.804338455200195,"orthographic":false}