{"cameraMode":{"drawMode":0,"name":"Shaded","section":"Shading Mode"},"sceneLighting":false,"audioPlay":false,"sceneViewState":{"m_AlwaysRefresh":false,"showFog":true,"showSkybox":false,"showFlares":true,"showImageEffects":true,"showParticleSystems":true,"showVisualEffectGraphs":true,"m_FxEnabled":true},"in2DMode":false,"pivot":{"x":2.9726345539093019,"y":-0.6147921085357666,"z":-0.4721353054046631},"rotation":{"x":0.17637218534946443,"y":-0.010340241715312004,"z":0.0018528169021010399,"w":0.9842668175697327},"size":1.5578988790512086,"orthographic":false}